Date,Time,Content,Image URL,Platforms
2026-06-16,09:00 AEST,"Not every business needs an agency.

Some just need the leak plugged.

Your Google listing is weak.
Your missed calls are costing jobs.
Your staff procedures are in your head.
Your follow-up is random.
Your loyalty system is paper and hope.

That's not a $2,000/month agency problem.

That's a practical systems problem.

That's Eso Es.

DM ""LEAK"" and I'll tell you the first thing I'd fix.

#esoes #smallbusiness #localbusiness #australianbusiness #noagency #leakplugged #practicalops",,"Instagram, Facebook, LinkedIn"
2026-06-17,09:00 AEST,"Missed calls are not harmless.

They are warm leads walking out the back door.

A customer calls.
You're busy.
You miss it.
They call the next business on Google.

Gotcha fixes that.

Instant missed-call text-back.
Booking link.
Callback message.
Customer captured before they go cold.

DM ""GOTCHA"" if missed calls are costing you money.

#gotcha #esoes #missedcalls #leadrecovery #smallbusiness #localbusiness #tradie #callrecovery #textback",,"Instagram, Facebook"
2026-06-18,09:00 AEST,"If your team keeps asking you the same question every week, you don't have a staff problem.

You have a systems problem.

WSUP turns the way your business runs into:

SOPs
Checklists
Staff guides
Opening and closing procedures
Customer scripts
Workflow maps
Action priorities

So the business stops relying on your memory and panic.

First offer: WSUP Starter SOP Pack from $497.

DM ""WSUP"" if your business is stuck in your head.

#wsup #esoes #SOPs #operations #systemise #smallbusiness #stafftraining #procedures #businesssystems",,"Instagram, Facebook"
2026-06-19,09:00 AEST,"Being good at what you do is not enough if people can't find you.

Ripple helps local businesses clean up the boring visibility stuff:

Google presence
Reviews
Promos
Follow-up
Local lead flow

Not agency fluff.
Not a 40-page strategy deck.
Just the stuff that helps people find you, trust you, and contact you.

DM ""RIPPLE"" if your Google presence needs a kick up the backside.

#ripple #esoes #googlemybusiness #localSEO #reviews #getfound #smallbusiness #localbusiness #visibilitytips",,"Instagram, Facebook"
2026-06-20,09:00 AEST,"I didn't build Eso Es from a marketing textbook.

I built it from years inside real operations.

Coffee roasting.
Production.
Hospitality.
Food safety.
HACCP.
OHS.
Staff training.
Quality control.
Daily business chaos.

I know what happens when systems are missing:

People guess.
Owners repeat themselves.
Customers get inconsistent service.
Good businesses bleed time and money quietly.

Eso Es exists to plug those leaks.

DM ""OPS"" if your business needs cleaning up.

#esoes #founderpost #smallbusiness #localbusiness #australianbusiness #operations #realexperience",,"Instagram, Facebook, LinkedIn"
2026-06-23,09:00 AEST,"Your business might not need more marketing.

It might need fewer leaks.

If people can't find you, that's a leak.
If you miss calls, that's a leak.
If nobody follows up, that's a leak.
If staff keep asking the same question, that's a leak.
If everything lives in your head, that's a massive leak.

Eso Es helps small businesses plug the boring leaks that quietly cost money.

DM ""LEAK"" and I'll point out the first one to fix.

#esoes #smallbusiness #localbusiness #australianbusiness #leakplugged #businesssystems #noagency",,"Instagram, Facebook"
2026-06-24,09:00 AEST,"New offer:

Gotcha Missed Call Recovery.

For businesses that miss calls while working, serving, driving, cleaning, quoting, cooking, cutting hair, or generally trying to survive the day.

When you miss a call, the customer gets an instant useful text.

Not later.
Not when you remember.
Instantly.

DM ""GOTCHA"" if missed calls are leaking money.

#gotcha #esoes #missedcalls #leadrecovery #smallbusiness #localbusiness #offer #textback #callrecovery",,"Instagram, Facebook"
2026-06-25,09:00 AEST,"If your business can't run unless you explain everything, you don't own a business.

You own a job with witnesses.

Opening procedure? In your head.
Staff onboarding? In your head.
Complaint handling? In your head.
Follow-up process? In your head.
Weekly priorities? Also in your head.

WSUP gets it out of your head and into a system your team can use.

DM ""WSUP"" if you're tired of being the instruction manual.

#wsup #esoes #SOPs #operations #systemise #smallbusiness #stafftraining #businesssystems #ownerlife",,"Instagram, Facebook"
2026-06-26,09:00 AEST,"New customers are expensive.

Regulars are gold.

Frother is a digital loyalty and promo system for cafes, pubs, restaurants, takeaways, and local venues.

Tap in.
Stack stamps.
Froth on.

No paper cards.
No app download.
No corporate loyalty nonsense.

DM ""FROTHER"" if you want regulars coming back more often.

#frother #esoes #loyalty #cafes #hospitality #localvenue #regulars #digitalstamps #repeatcustomers",,"Instagram, Facebook"
2026-06-27,09:00 AEST,"I'm not trying to build another AI agency.

There are enough of those.

I'm building practical systems for small businesses that are already working hard but leaking money through messy operations.

That means:

Missed calls.
Weak visibility.
Poor follow-up.
No loyalty system.
No SOPs.
Too much living in the owner's head.

Eso Es is the leak plugger.

DM ""LEAK"" if you want me to look at your business.

#esoes #founderpost #smallbusiness #localbusiness #australianbusiness #noaiagency #practicalops #leakplugged",,"Instagram, Facebook, LinkedIn"